<?xml version="1.0" encoding="UTF-8" standalone="no"?>
<Taxinspectors>
     <Taxinspector>
          <id>1</id>
          <firstname>1</firstname>
          <lastname>1</lastname>
          <birthday>01/12/1993</birthday>
          <commission percentage="12.34">1234.0</commission>
          <cheatedtaxpayers>200</cheatedtaxpayers>
     </Taxinspector>
     <Taxinspector>
          <id>3</id>
          <firstname>trhee</firstname>
          <lastname>three34</lastname>
          <birthday>03/04/2003</birthday>
          <commission percentage="3.33">3.0</commission>
          <cheatedtaxpayers>203</cheatedtaxpayers>
     </Taxinspector>
</Taxinspectors>
